Ward,Place_Name,Place_ID,anger,anticipation,disgust,fear,joy,negative,positive,sadness,surprise,trust
Chiyoda,Yasukunijinja Shrine,ChIJ1UOuDWiMGGARkM6Iv-ZU57U,1,5,1,5,8,5,17,3,1,4
Chiyoda,The National Museum of Modern Art Tokyo,ChIJL0kSfg2MGGARKv5KX53ZZ2Y,4,10,2,5,8,11,22,6,8,10
Chiyoda,Science and Technology Museum,ChIJdfZ2xRKMGGARQSyxv6wfzw8,1,13,0,1,7,4,26,1,4,10
Chiyoda,National Showa Memorial Museum,ChIJP5nfE2uMGGARCD9T7XHuNb4,8,10,0,13,8,23,29,9,6,11
Chiyoda,Tsukudo Shrine,ChIJ4UhE-GqMGGARlLgTJ-LIbtU,3,7,2,10,3,11,17,5,2,11
Chiyoda,Tokyodaijingu Shrine,ChIJq6q63UOMGGAR7zYBKd7iI3I,3,20,2,7,21,4,31,0,11,20
Chiyoda,JCII Camera Museum,ChIJVVXl-2-MGGAR7svTOrr-IS0,0,3,1,2,5,6,15,1,2,7
Chiyoda,千秋文庫,ChIJk80baWmMGGARO_Z_Ol-4MMg,0,12,4,0,9,11,29,3,4,18
Chiyoda,Fukiage Omiya Palace,ChIJLVL4SHKMGGARR8l5zZQx02A,0,1,0,0,1,0,2,0,2,1
Chiyoda,Daijingu Hall,ChIJh7Ol3UOMGGARQ3oMdDHhP3M,1,8,2,3,2,8,10,2,3,0
Chiyoda,Shōkeikan,ChIJ_w85TGuMGGARezMKgo73Qx0,19,15,5,40,7,48,55,28,6,24
Chiyoda,Tayasumon Gate,ChIJQwJLmGuMGGARZaD_O7oWHPI,3,8,1,3,7,6,22,2,5,23
Chiyoda,Kudanzaka Park,ChIJGZArzGuMGGARPTxpzTl2nHE,2,9,1,1,10,7,21,5,3,7
Chiyoda,Takatōrō Jōtōmyōdai,ChIJzbiOtmuMGGARAnAP53OIJZ0,0,8,0,1,4,3,27,3,3,11
Chiyoda,Yayoi Ireido,ChIJq9r0nmuMGGARWwwQPkWWkws,0,11,1,8,3,7,22,7,8,10
Chiyoda,Clock Tower,ChIJp8s7DqGNGGAR4bsVhMgJC1s,2,4,0,2,0,3,4,2,2,3
Chiyoda,さざれ石,ChIJ6xv7V--NGGAReRAJJ7vza5Y,5,2,1,2,1,8,2,1,0,5
Chiyoda,Statue of Ōmura Masujirō,ChIJ8Sc1l2mMGGARIA_VxjgBFQE,2,3,1,0,4,2,10,0,2,3
Chiyoda,Nabewarizaka,ChIJ3XfHsG6MGGARjlkcczb5W4Q,2,3,4,1,5,6,8,0,3,4
Chiyoda,Chidorigafuchi Moat,ChIJndmxIRmNGGAR9zOZKItqjDI,9,26,7,3,23,14,45,5,11,19
Chiyoda,Shimizumon Gate,ChIJ70n0MROMGGARMjFhBBLsEGk,3,4,1,1,5,4,11,1,3,7
Chiyoda,大東文化大学発祥地跡,ChIJNdVJeUKMGGARLNpCPSZYFqY,1,6,0,0,4,2,11,0,1,6
Chiyoda,ソメイヨシノの標本木東京,ChIJsV-c1IqNGGARKep9AmuyJ04,25,39,25,2,46,6,72,0,27,43
Chiyoda,Ujibashi Childrens Playground,ChIJmRomzRSMGGARG5uCrkey7Ac,1,5,1,1,6,4,10,0,6,4
Chiyoda,Steam Locomotive C56 31,ChIJrZTVY6uNGGAR27DTFRwwEIA,2,4,1,8,2,7,12,0,1,4
Chiyoda,Takarada Bridge,ChIJN4ojXBOMGGAR09rc4sbXPM4,0,3,0,0,2,1,9,1,0,7
Chiyoda,Statue of Special Attack Squad Braves,ChIJJ8aSHWiMGGARmjhDGoLDel0,0,10,0,4,8,5,17,3,3,9
Chiyoda,Nigo hanzaka,ChIJx7kQ7EGMGGARDaVgIxU5TkE,0,4,0,0,0,1,7,0,0,5
Chiyoda,Monument of Daidokoro Machi,ChIJlR0PLECMGGAR7feMfB3DdEY,1,0,1,0,0,3,3,0,0,3
Chiyoda,Hill of Fujimi,ChIJzxOEskKMGGAR0ht59j0AZA8,0,6,3,2,2,4,9,1,1,7
Chiyoda,History Promenade,ChIJTd8VpEGMGGARInWwbg0RKbw,1,5,1,5,2,3,12,3,3,7
Chiyoda,Shinkawa Bridge,ChIJ0-2bqmqMGGARdf1PbCvHIro,0,2,0,0,4,0,7,0,1,1
Chiyoda,Site of Yosano Tekkan  Akikos Former Residence,ChIJw5vbJkOMGGAR_aKWf0Alu5M,1,8,1,7,6,7,11,4,3,9
Chiyoda,Site of Yosano Tekkan  Akikos Former Residence (Memory of Chiyoda Ward Town),ChIJpf9uI2SMGGARo-lRwREcj3I,0,5,0,1,1,0,5,0,0,1
Chiyoda,ShimizuBori Machikado Garden,ChIJjVswbBKMGGARBGXGbz_AbDQ,0,2,0,1,1,2,1,3,2,0
Chiyoda,Kiji Bridge,ChIJ89xfRxKMGGARNpKd03x1yzU,3,2,1,2,2,3,10,2,2,2
Chiyoda,Japan Red Cross Founding Place,ChIJOXDiMkOMGGARHxDj5RdvEE8,5,4,1,4,4,7,10,3,1,8
Chiyoda,Gomizaka hill,ChIJ7YjDdm-MGGARQHd58om7axs,0,3,1,2,0,1,7,0,0,4
Chiyoda,Aiai Bridge,ChIJn3jzZUCMGGARuppFZM174i8,1,8,1,2,16,4,32,2,2,9
Chiyoda,Nishikanda Park,ChIJS2KjCxWMGGARlSmbfzCTDhQ,0,6,1,1,3,2,7,1,3,4
Chiyoda,Jimbōchō Aizen Park,ChIJu36bFRSMGGARJ1K6y-kX1Zs,0,2,6,2,1,13,13,5,1,3
Chiyoda,Site of Kushida Magoichis Former Residence,ChIJhw-N7mWMGGARMls0Ub9gTwU,1,10,1,2,6,4,12,2,1,9
Chiyoda,Site of Taki Rentarōs Former Residence,ChIJ4Ry1gGWMGGARVj3doAlwlYI,4,9,3,8,12,14,26,12,4,18
Chiyoda,日本医科大学付属第一病院記念碑,ChIJD_tPB0SMGGARkbBIjASku1g,2,4,0,5,0,1,6,4,0,6
Chiyoda,皇典講究所發祥記念碑,ChIJx31pB0SMGGARSeW_hPKNz7g,3,1,0,0,1,3,7,0,1,5
Chiyoda,Nishihanebashimon Gate,ChIJ1cJ9wgyMGGARNGBVSQ_0nDk,7,9,0,1,5,11,18,2,5,15
Chiyoda,Togozaka,ChIJa7t1YGaMGGARM9Pws0tXXt0,0,4,0,0,2,1,4,2,0,6
Chiyoda,Edo Castle Ruins,ChIJiZggVguMGGARaW4UFY3Mo8Q,3,12,3,3,16,6,27,4,7,15
Chiyoda,Chidorigafuchi Park,ChIJ2Upy0nGMGGARNdDKDGtkffY,4,16,2,1,24,8,52,2,6,16
Chiyoda,Edo Castle Outer Moat trace,ChIJg7nk8l2MGGAR4rASJbuRXjA,4,8,0,0,8,6,13,0,0,10
Chiyoda,Shimodokanbori Moat,ChIJBdU8ugyMGGARJ9UXAFmePUI,0,2,0,1,1,0,3,0,0,2
Chiyoda,江戸城築城の碑,ChIJn9MlcQ6MGGARYvt5eiV0b5k,12,13,3,9,11,16,34,6,7,13
Chiyoda,Parliamentary Museum,ChIJCSOV_omLGGARC30qXmCHB7A,3,9,1,4,9,3,19,1,5,8
Chiyoda,National Diet Building,ChIJibDhsomLGGARkIZSXvrUx0g,0,5,0,5,4,1,24,2,2,15
Chiyoda,Hie Shrine,ChIJF0MR5MSmH2ARj3x0ov0aQ-8,0,8,0,1,9,0,21,4,5,14
Chiyoda,Tokyo Garden Terrace Kioicho,ChIJ4Z9j7XuMGGAR9u6LL1dJtJ0,1,15,0,2,21,2,42,2,11,17
Chiyoda,Site of AkasakaMitsuke Gate,ChIJoRtqW3mMGGAR_IfueEJk_5U,4,5,0,0,2,6,8,0,3,7
Chiyoda,St Ignatius Catholic Church,ChIJNZ056omMGGARZhItdVTT87M,0,26,2,1,26,5,49,4,6,33
Chiyoda,Kioi Art Gallery Edo IseKatagami Kimono Museum,ChIJ63TAg3uMGGARUhoxazPhn7Q,3,1,2,2,4,4,9,3,2,4
Chiyoda,JCII Photo Salon,ChIJ8d_x-2-MGGARauUw6ERrqC4,2,3,0,1,3,3,16,0,1,8
Chiyoda,大衆酒場 餃子いち 半蔵門麹町店,ChIJVVVJYnqMGGARV-HPtLpEQH0,0,3,0,0,4,0,5,0,1,5
Chiyoda,Oishi Fossils Gallery of Mizuta Memorial Museum Josai Unversity Educational Corporation,ChIJq6oaRXqMGGARO38fkV_jVbE,0,5,0,2,4,4,17,1,3,9
Chiyoda,Memorial Gallery of Toshima Yasumasa Annex,ChIJszHNB3CMGGARSGgpqCntYxI,0,0,0,0,1,0,2,0,0,1
Chiyoda,Hanzomon Museum,ChIJAQDQVmWMGGAR4dNK6sEJZ80,0,5,1,1,5,4,13,1,3,9
Chiyoda,Hanzōmon Kids Pond,ChIJvVErVHCMGGARuf-ToldwmNM,0,13,0,1,7,3,18,0,4,12
Chiyoda,Nagaizaka Slope,ChIJr38YXWWMGGAR-m5mqTPXdMI,1,2,2,3,1,3,5,0,1,3
Chiyoda,Foundation monument of First Tokyo municipal JHS,ChIJq0g-TXCMGGAR-o7ekmZpZaI,1,2,0,2,3,2,16,1,2,17
Chiyoda,100th anniversary of the Japanese emigrating to Mexico  by Mexican artist Sebastián,ChIJQfs6S3CMGGARIM3RsqaggDc,0,5,0,0,5,0,17,2,4,5
Chiyoda,Suwazaka hill,ChIJjenolXuMGGARgOBTvZTPBp4,2,1,1,1,1,2,2,2,1,5
Chiyoda,Minamihōgenzaka,ChIJme_6xmWMGGARApVBn9JN0ow,1,1,0,1,0,1,10,1,1,9
Chiyoda,平和の群像菊池一雄寺内正毅銅像跡,ChIJs8ER-XaMGGAREKIvM9Ji5kQ,2,4,1,2,4,3,25,3,1,9
Chiyoda,Miyakezaka Syo Park,ChIJ-5FsWHaMGGARqbbg6TMXPMU,2,8,1,1,12,7,25,3,2,8
Chiyoda,Shimizudani Park,ChIJ0zbC6nyMGGAROfFoUq13fnw,1,10,1,3,13,7,24,2,3,10
Chiyoda,偕香苑,ChIJVVXB6nyMGGARVEVCpWUoLQo,0,1,0,0,1,0,4,0,1,0
Chiyoda,Monument of Nobles Women College,ChIJuVLHr3mMGGAR9ACBD0mo7E8,1,2,0,0,1,3,9,0,1,10
Chiyoda,Foundation monument of Tokyo Jogakkan,ChIJvwsuq72NGGAR70DiLrn4Obw,5,4,2,6,5,5,17,4,2,12
Chiyoda,Hotel New Otani Japanese Garden,ChIJd0TGAH2MGGARdoUx5v0t2yo,1,4,0,3,10,7,14,1,2,7
Chiyoda,Nakayoshi Park Kōjimachi Kids Square,ChIJBzNAQ2KMGGARJ1v9BGmSYj0,0,3,0,0,3,2,4,0,1,2
Chiyoda,Obizaka,ChIJ0aK9LGGMGGARnp_YkwKPZgI,2,1,5,9,0,6,11,2,1,6
Chiyoda,Site of the KuichigaiMitsuke,ChIJsR2kVn2MGGARzfT8eo-ciHs,11,9,3,15,5,18,28,6,4,18
Chiyoda,Japanese Geodetic Origin Point,ChIJN_ucJIqLGGARpSbER4BCoPQ,2,5,2,1,3,3,10,4,3,5
Chiyoda,The Diet Front Park,ChIJRwdJJIqLGGAR6wrIM__UeZg,7,15,4,5,15,9,34,8,6,9
Chiyoda,Sannoinari Shrine,ChIJVVXigYeLGGARjnqtQYmiyTM,0,4,0,3,3,3,9,1,2,4
Chiyoda,Sannōzaka Slope,ChIJvdjwZYiLGGAR5ilFlkRrlF8,0,1,3,0,0,4,3,1,0,6
Chiyoda,Sakura Well,ChIJryeESYqLGGAR60avG3cGwd0,2,1,2,2,2,3,13,1,1,6
Chiyoda,Tokyo Kotsu Kaikan,ChIJASonFuWLGGARoLBihp8-Dck,0,4,0,0,4,1,5,0,1,1
Chiyoda,Imperial Palace,ChIJTQbYAg2MGGARt22eNwtfGtE,2,11,1,2,11,6,35,1,3,22
Chiyoda,The National Museum of the Imperial Collections Sannomaru Shozokan,ChIJPfFaQhOMGGARTfig6X5OJvM,4,8,3,1,10,7,16,5,5,7
Chiyoda,Imperial Palace East National Gardens,ChIJPfFaQhOMGGAR-QPbNQoAG6M,4,12,2,4,19,3,34,0,5,13
Chiyoda,Chowaden Reception Hall of lmperial Palace,ChIJ-w9nwAqMGGARuiyw3jm3Ios,1,6,1,1,7,1,19,1,4,10
Chiyoda,Mitsubishi Ichigokan Museum,ChIJuyY-ZfqLGGAREYR9A10IXPQ,0,16,0,0,19,1,41,7,12,13
Chiyoda,Tokyo Station Gallery,ChIJtxODuv6LGGAR4xf7X3WayX0,0,5,1,0,4,1,14,2,5,5
Chiyoda,Kokyo Gaien National Garden,ChIJAQCEbPGLGGARFa0L-v-rNtg,2,9,2,2,13,5,21,3,6,7
Chiyoda,Seikado Bunko Art Museum,ChIJz-ZkAQb0GGARLd-j4HlLkaM,1,18,0,2,20,4,38,2,11,15
Chiyoda,Idemitsu Museum of Arts,ChIJoUobW_CLGGARL_ES0JDK5lg,1,6,1,2,4,2,6,1,4,4
Chiyoda,Fountain of Hibiya Park,ChIJgYcKD_KLGGARyM933-RbFaY,1,7,0,0,8,0,13,1,3,8
Chiyoda,Intermediatheque,ChIJF5AiNPqLGGAR2igPgxC2_Kw,0,3,0,0,3,4,14,5,3,5
Chiyoda,KITTE Garden,ChIJtZRvRvqLGGARdS57rQP2NEk,0,11,0,1,10,0,20,1,4,6
Chiyoda,Marunouchi Square,ChIJAylxefmLGGARmouNFJGoD3E,2,6,1,2,5,2,14,1,1,5
Chiyoda,Mitsubishi UFJ Trust and Banking Museum,ChIJvQWmVviLGGARWUVZ75YS5Jw,1,9,1,1,8,4,24,2,5,28
Chiyoda,Wadakura Fountain National Park,ChIJV4TDwfeLGGARZZY83rpWpSA,0,6,0,0,5,2,12,2,5,5
Chiyoda,The Birthplace of Nippon Dental University,ChIJxT_D7weMGGARBDvBJEWFNao,2,1,0,0,4,3,6,2,1,3
Chiyoda,Site of Matsunooroka Corridor,ChIJhZsO6QuMGGARKpytUX8ZqOs,13,7,6,6,6,17,25,10,10,9
Chiyoda,Statue of Kusunoki Masashige,ChIJ-SEtT_GLGGARh19OTroY4bA,0,5,1,3,6,2,14,0,4,9
Chiyoda,Babasakimon Gate Monument,ChIJ43Sw2_CLGGARh5FCOXxs2tQ,3,4,1,1,5,4,15,3,1,22
Chiyoda,Mt Mikasa,ChIJcUcaufOLGGARsuW5JEIux_U,4,7,2,3,2,4,7,1,1,2
Chiyoda,Pelican Fountains,ChIJ-6ZEL_CLGGARRMzYsKSF188,0,15,0,0,10,2,17,3,5,15
Chiyoda,リュウゼツラン,ChIJ_YndeACLGGAR4Hh7CJ4qPDo,0,9,0,1,7,0,7,0,1,5
Chiyoda,Health Field,ChIJgTZzrvOLGGARoigItuM4MWI,0,4,0,0,5,1,5,0,3,4
Chiyoda,The Place of Death of Date Masamune,ChIJVzm4lvGLGGARQcfrzMS4DcA,0,0,0,0,1,0,2,0,0,2
Chiyoda,Kikyōmon Gate,ChIJmdef7AmMGGARhKjmuJGUSNs,2,14,2,2,6,7,13,5,3,10
Chiyoda,Flowerbed 1,ChIJ05OYU2qLGGARdiRMwrnekMs,0,18,0,1,17,4,22,4,3,14
Chiyoda,Remains of Hibiya Turret of Edo Castle,ChIJSVlhwPGLGGARz28AxXTPVEo,10,10,5,5,6,19,35,7,4,20
Chiyoda,丸の内 仲通り,ChIJAVgJ6zmLGGAR99WBL5-fomQ,0,3,0,0,5,0,7,0,6,6
Chiyoda,第一生命ギャラリー,ChIJV7F2OPCLGGAR8vcoxV5KS2A,0,0,0,0,0,0,0,0,0,0
Chiyoda,Ponta Square,ChIJQfTOsD2LGGARysb_0G6009I,0,2,0,1,2,0,3,0,1,1
Chiyoda,Shinjiike Pond,ChIJ23HgvY-LGGARzGvMuq9sbFQ,2,4,2,2,5,4,8,2,1,5
Chiyoda,Remains of Wadakuramon Gate Guardhouse,ChIJ0QFUhfeLGGARcBgc0OSQI2U,1,3,0,1,2,2,10,0,0,4
Chiyoda,Ancient Scandinavian Runestone Replica,ChIJBSyx9vGLGGARFTYqDttIVMo,6,5,2,3,4,8,8,4,3,5
Chiyoda,Mitsubishi Center Digital Gallery,ChIJ9yIfZfqLGGART3DQZ4CfzgU,0,1,0,0,1,0,1,1,1,0
Chiyoda,Wadakuramon Gate,ChIJn_Bp6PeLGGARAfpWo7lBTcA,2,2,1,0,1,1,5,1,1,6
Chiyoda,丸ノ内イルミネーション,ChIJcYAKdrqLGGARjweYR6KBMUQ,1,21,1,7,22,11,41,3,9,23
Chiyoda,Obansho Guardhouse,ChIJ8zjh2AuMGGARH4JAMFrF8FQ,1,0,0,11,2,4,21,2,1,10
Chiyoda,Grand Fountain,ChIJr62ciOSLGGARIs6ax4bn-a8,0,0,0,1,2,0,5,0,0,0
Chiyoda,Hibiya Step Plaza,ChIJ8aEILO6LGGARPVDPsPKqefw,1,6,2,1,3,1,11,1,3,5
Chiyoda,Park View Garden,ChIJneixJe6LGGARfXvzyW1mY_U,6,11,5,8,11,16,23,3,3,15
Chiyoda,Tsubonemon Gate,ChIJ0cCkZguMGGAR3ErK3Ay-awQ,2,5,1,4,3,1,8,2,2,9
Chiyoda,Haniwa,ChIJqR-XViGLGGARPgAQi4QmyI0,3,12,1,3,14,4,25,7,9,8
Chiyoda,Fujidana,ChIJVy3nmeGLGGARp_nCDwYm0c0,5,10,0,5,9,2,19,1,2,7
Chiyoda,Crane Fountain,ChIJhxcV4MGLGGARopLeXlAS9tY,2,4,0,3,2,8,17,3,0,7
Chiyoda,Godzilla Statue,ChIJj9FCzO-LGGARv0qenUaDws4,4,6,2,3,5,8,17,3,4,6
Chiyoda,Edo Castle keep restoration model,ChIJ93STsrqNGGAReyjjarHT2cg,1,4,0,3,4,2,25,1,1,2
Chiyoda,Gin no Suzu,ChIJ9-LJdPyLGGARZeSwNOHJv3I,0,2,0,1,3,2,4,1,2,4
Chiyoda,Former Tokyo Central Postmasters Office,ChIJH5qNNPqLGGAReFR56HZUyfs,0,1,0,0,2,2,12,0,2,3
Chiyoda,Remains of Tokyo Prefectural Office,ChIJP0Kk4PqLGGARJ3adoHhSblc,3,1,0,4,1,7,7,1,0,4
Chiyoda,休憩所,ChIJ2TLQa_qNGGARykotPhNhxzk,1,1,0,0,1,0,5,0,0,3
Chiyoda,Ōtemon Gate,ChIJ7-cJ_wiMGGAR_wayVide6uo,3,9,0,5,7,9,36,2,3,27
Chiyoda,Imperial Palace Main Gate Stone Bridge Decorative Lamp,ChIJgzwL_QuMGGAR6xGd6K4fYGk,5,2,0,5,7,7,29,0,4,8
Chiyoda,Bambinart Gallery,ChIJ8QD2sh-MGGAR1LiPsPUSBXg,1,2,2,1,2,3,7,2,2,3
Chiyoda,Yanagimori Shrine,ChIJS2dPOKiOGGAREfQsUq73wP0,3,7,2,3,7,8,21,1,1,17
Chiyoda,Otamagaike Pond Site,ChIJ1abH0vyLGGARoSlvRMJ3JuM,0,5,1,5,5,8,18,5,5,9
Chiyoda,Horin Park,ChIJ58mpjx6MGGARseWnPsaMkNI,0,12,2,3,13,8,28,1,4,13
Chiyoda,Myojin Otokozaka Stair,ChIJFSnzsB6MGGARnojVfoqkXW4,1,3,0,0,1,3,6,1,0,5
Chiyoda,Kanda Myoujin Shrine,ChIJ7RsWzB6MGGARi3xBv7bkl_M,0,9,1,0,18,2,33,1,10,17
Chiyoda,Ogawa Hiroba,ChIJd2lidxCMGGARqEE0ey3opTo,2,16,0,4,7,4,22,1,1,6
Chiyoda,3331 Arts Chiyoda,ChIJWUPQrR-MGGARa622uywYz2E,3,20,2,2,19,4,43,11,14,19
Chiyoda,Manseibashi Station Remains,ChIJF-kS1ByMGGARfX9TAILqL3w,1,7,0,0,6,2,17,1,4,5
Chiyoda,Izumi Bridge,ChIJod60-KiOGGARzcq38CBviUQ,6,3,5,4,4,10,11,4,3,4
Chiyoda,Site of Sakuma Bridge,ChIJDRpmZ6iOGGAR6hdWLVhNFmw,0,4,0,2,1,2,11,2,0,2
Chiyoda,Akihabara Park,ChIJpQd7ZqiOGGARsRs2aimeHl4,2,4,2,1,3,1,9,3,1,3
Chiyoda,秋葉原歩行者天国,ChIJD7xVrNuNGGARTGvk1WfwdnI,2,3,1,2,2,8,5,2,1,3
Chiyoda,日本文化体験 庵an東京  AN TOKYO Japanese Culture Experience,ChIJ4e0xtBOPGGARctrNeHiaubE,1,13,1,4,15,6,36,3,12,12
Chiyoda,Akihabara Electric Town,ChIJZzSYoB2MGGARfBcicn7sx28,0,13,0,4,3,5,25,1,0,8
Chiyoda,Awaji Park,ChIJb_7IaRuMGGARavmrYh6B_5w,0,1,0,0,2,0,4,1,1,2
Chiyoda,YKK,ChIJz3TS9aaOGGARwdZXzammqSQ,3,11,2,4,11,6,31,2,6,8
Chiyoda,Remains of Kanda Hatchobori,ChIJ_3lj4aqOGGAR-qABtwqYCpE,1,11,2,9,2,10,17,4,4,11
Chiyoda,Hill of Ghost,ChIJ8xqjvhuMGGAR8vSlKVW80l0,6,11,5,9,9,6,18,7,6,14
Chiyoda,Park Gallery,ChIJ76X9mh6MGGAR_fhLJ312wT0,0,4,0,0,5,0,11,3,6,3
Chiyoda,Kobaizaka Slope,ChIJL3baNBqMGGARpWtITdtR87g,0,3,0,3,0,1,6,0,0,2
Chiyoda,Shusse Fudoson,ChIJVVW4TAGMGGARV7MjXGiZD1E,3,3,3,6,2,7,12,2,5,5
Chiyoda,Mikura Bridge,ChIJlXGmj66OGGARxNIcdlKKjCE,1,2,1,3,1,3,6,2,0,4
Chiyoda,Chiyoda Kuritsu Izumi Park,ChIJdScsSK-OGGARzKMrlFcqwN4,1,9,2,1,6,4,10,1,5,7
Chiyoda,Ryukan Childrens Park,ChIJUxjq76yOGGARBhZMImQywT8,0,1,0,1,1,5,5,0,2,1
Chiyoda,Hijiri Bridge,ChIJi3JUZACNGGARXyYn0j7sCkE,1,17,0,3,8,8,13,2,6,5
Chiyoda,Uchikanda Ojima Park,ChIJrdkPmgaMGGARxBYfVzVugQA,4,5,2,1,6,9,19,1,2,6
Chiyoda,Miyamoto Park,ChIJ14jFJxmMGGARblOZ2P33sIA,0,2,0,0,3,1,4,1,1,2
Chiyoda,Meiji University Museum,ChIJ62acTxeMGGARUmcrd2EKsVw,5,10,4,7,7,13,24,5,5,9
Chiyoda,Chiyoda Kuritsu Rensei Park,ChIJb71bVh-MGGARGsNeiT5iYb0,0,5,1,2,8,5,14,3,4,5
Chiyoda,Gakushuin noble school original location,ChIJTy7HmgWMGGAR3ph7B88dXF0,1,2,0,1,2,1,8,2,1,6
Chiyoda,Catholic Kanda Church,ChIJERbV3hWMGGARUPwaYY_9TE8,0,7,1,0,9,2,13,1,1,11
Chiyoda,Misaki Inari Shrine,ChIJB7nCrj-MGGARrERpWjP8hhU,0,3,0,0,3,1,4,1,1,2
Chiyoda,I Am a Cat Memorial,ChIJbwEz1RCMGGARe2Er6xR2kSA,0,2,0,0,3,1,9,1,1,7
Chiyoda,Univ of Tokyos Founding Place,ChIJPSkYwxGMGGARubzYRoItzTM,3,7,0,1,3,4,15,0,2,9
Chiyoda,Kinka Park,ChIJcdybLheMGGARHDlzS-Sfd_M,0,10,0,0,7,2,12,0,3,8
Chiyoda,Birthplace of Tokyo Foreign Language School,ChIJSYA74BGMGGARkRotyQ791LY,1,2,0,0,6,1,8,0,1,7
Chiyoda,猿楽町町会詰所,ChIJSZbFYdKNGGARZ-jte6LxH5s,0,5,0,6,4,1,19,0,2,12
Chiyoda,東京音楽大学発祥の地,ChIJDbND9xaMGGARjeHlRxwfqqQ,3,1,0,0,3,3,12,3,1,6
Chiyoda,Aku You Memorial Museum,ChIJLxsaTxeMGGARPiuFcX6fnkw,2,4,1,4,6,5,21,2,6,8
Chiyoda,Site of Kikaiyu Public Bath,ChIJAQBsCRaMGGARVdVDFs7twkE,1,7,1,0,1,2,9,0,1,2
Chiyoda,気象庁旧生物季節観測の木々,ChIJr6pkHMaNGGARMvwb5D2D2XQ,3,6,3,0,9,1,14,0,4,5
Chiyoda,Hirakawamon Gate,ChIJTajifQ6MGGAR7Hm1Kn2631A,4,7,1,4,4,9,18,3,3,20
Chiyoda,大手濠緑地,ChIJX8XwHw-MGGARDTEeZ7G1byo,1,2,0,2,2,1,11,0,2,6
Chiyoda,Statue of Wake no Kiyomaro,ChIJi5nZHw-MGGARjf6RhUw_QjM,0,1,0,0,2,1,7,0,0,2
Chiyoda,Kiyomaro Park,ChIJl3SFqg-MGGAR79DUKqYHfuk,0,4,0,0,3,3,9,1,2,4
Chiyoda,Kanda Bridge,ChIJE4T6bQaMGGARcTdzr5G5rJ8,2,1,0,2,1,3,11,1,0,2
Chuo,Sukiyabashi Park Young Clock Tower,ChIJV8P5fO-LGGAR6Qn-vWMmKO0,1,6,1,0,2,2,10,0,2,4
Chuo,Ozu History Museum,ChIJUduh6VSJGGARqpH5415dX-U,1,7,0,1,8,2,23,2,5,5
Chuo,Tokiwa Park,ChIJHSZQjwCMGGARRvkZQ4vk8kg,1,3,0,2,1,7,7,2,6,1
Chuo,Fukutoku Shrine,ChIJw9uzC1WJGGARnZWYZveSJFc,2,18,1,4,17,5,35,1,10,23
Chuo,Mitsui Fukutoku Garden,ChIJCSL5CFWJGGAR1n5EJ99hzXs,0,4,0,3,5,0,7,1,2,4
Chuo,Daiichi Sankyo Medicine Museum,ChIJRR8sH1WJGGARgBXf6qT_viE,1,6,0,2,3,1,13,0,3,6
Chuo,銅鐘 石町時の鐘都指定文化財,ChIJG4v3UKuOGGARWfQ97VLIqfE,5,9,1,7,4,6,14,3,2,6
Chuo,Jisshi Park,ChIJAQBTVquOGGARLx6I1rPxg4s,3,9,2,1,8,4,14,1,6,7
Chuo,Kodenmacho Prison Museum,ChIJ2zLvTauOGGAR6Ofe6rSxsRo,6,8,1,7,6,7,28,7,3,10
Chuo,Remains of the Kodenmacho Prison,ChIJi08pVKuOGGARJSwjsbWHEyo,1,1,1,0,1,4,6,2,1,2
Chuo,江戸伝馬町処刑場跡の碑,ChIJi9-KVauOGGARtSMNz-dDObk,11,2,1,12,2,17,17,12,3,10
Chuo,龍閑橋親柱橋桁,ChIJ80l85gCMGGARE4zbDJk-z0A,2,5,1,1,2,4,19,1,0,12
Chuo,Ryukansakura Bridge,ChIJFcFclQCMGGARPH0DpAtwueY,0,4,1,1,3,1,8,3,1,5
Chuo,日本橋室町スチーム時計,ChIJHysNjO2LGGARrcRZ3rRLkeo,0,12,0,0,2,1,13,1,0,4
Chuo,Saemon Bridge,ChIJ1xPb8K2OGGARleis8lZGsEk,0,2,0,0,2,0,2,0,0,2
Chuo,Musée Hamaguchi Yozo Yamasa Collection,ChIJwbcTWUSJGGAR8JUnuMdbkss,1,11,1,2,10,9,28,6,5,6
Chuo,Koami Shrine,ChIJmY9L9lCJGGAR3ydy0pQ5y8A,6,18,2,4,23,7,34,2,13,22
Chuo,Genyadana Monument,ChIJX-v6wVGJGGARHoZj0mmV-vQ,0,4,0,2,2,2,17,2,4,8
Chuo,Koamicho Childrens Park,ChIJM8w-7lCJGGAReRyMLnFUO1s,2,5,1,0,5,3,14,1,5,9
Chuo,Suitengu Shrine,ChIJ6TXOcUWJGGAR2GRhafOUp0I,1,13,0,6,17,4,38,1,9,12
Chuo,Ōkannonji Temple,ChIJb8SfLVCJGGARiU1Jtv-uHps,2,4,1,4,2,3,12,2,3,5
Chuo,Hakozakigawa Daini Park,ChIJ93sW60SJGGARzc8c12fS4L0,2,5,2,2,2,4,5,5,4,2
Chuo,Yagenbori Fudōin,ChIJAUC44EyJGGAREQhz3L_zRf8,2,3,0,2,2,4,11,0,2,3
Chuo,Seishōkōji,ChIJa7igyEiJGGARtkrOqIK2NWo,3,3,2,1,5,6,10,0,4,9
Chuo,Suginomori Shrine,ChIJc4hCu1OJGGAR_ru6C64yuTA,0,6,0,1,8,2,17,3,5,8
Chuo,Suehiro Shrine,ChIJc1ZLN06JGGARgKpfVVWubp4,0,2,0,1,1,1,7,0,1,1
Chuo,Hisamatsu Childrens Park,ChIJmR7bC06JGGARLma1SuhF87E,1,9,1,5,5,7,13,2,4,13
Chuo,賀茂真淵県居の跡,ChIJdQukfU6JGGARrGylYbDAKtA,2,8,1,1,3,6,15,1,1,4
Chuo,HiashiNihonbashi Childrens Playgorund,ChIJ_w8kQE2JGGARAN_MIC69NBQ,0,2,1,0,3,8,5,2,5,3
Chuo,Horidome Childrens Park,ChIJC2rRZlGJGGARADpjo6WQrpI,1,4,2,0,9,9,12,2,6,10
Chuo,Ningyōchō Karakuri Yagura,ChIJDdJsKFCJGGAR_LtuNlL-Wz4,0,9,0,1,3,2,8,0,1,5
Chuo,Benkei from Kanjincho,ChIJD__5BU-JGGAR5IKXKzpGNRo,3,3,2,3,1,7,15,1,1,5
Chuo,Amazakeyokocho,ChIJWUQg3E-JGGARurzf23V2D9s,2,4,1,1,3,2,7,0,2,3
Chuo,Site of Saigō Takamoris Former Residence,ChIJWT6EOFCJGGARQIyroNNG_eE,1,1,0,1,1,1,9,1,1,6
Chuo,Ningyocho Mechanical Clock Tower  Rakugo Performer,ChIJzYytP-mJGGARNLqgfLhxoxo,3,12,0,1,5,3,15,2,2,6
Chuo,Hamachō Park,ChIJVVWxhEiJGGARsDYT-3WKc0E,1,7,1,2,5,4,12,2,2,4
Chuo,ChildRaising Kappa,ChIJ3UJAckWJGGARsofcGiUkavQ,0,5,0,2,8,1,12,1,2,8
Chuo,オカメザクラ通りあじさい通り,ChIJbe2lR_SJGGARBgZKhykDwDE,0,6,0,0,12,0,26,0,2,6
Chuo,Founding Place of Japans Postal Service,ChIJvZMp5ZiJGGARpOjrs28ifTU,1,4,0,0,0,1,4,0,1,4
Chuo,Yanagi Bridge,ChIJ7TkQRbOOGGARNrJRvDQpCKQ,2,6,1,2,2,3,18,3,1,7
Chuo,Nihonbashi Fish Market Monument,ChIJZXozZVaJGGAR8hnc9IIESZ8,4,10,1,3,3,4,15,2,4,5
Chuo,First National Bank Birthplace,ChIJL40trVCJGGARNlkutiABADE,7,2,2,4,8,8,17,3,6,19
Chuo,Stone pillar of Kaiun Bridge,ChIJK2E1RleJGGARxZosdSQCgIY,13,8,2,5,3,21,29,9,2,16
Chuo,Mitsui Honkan,ChIJq3fYnFWJGGARPz4hlEVggCU,0,1,0,0,2,0,4,0,1,2
Chuo,National Film Archive of Japan,ChIJDTEgTOKLGGARRjeD6dnAoVY,3,8,2,3,10,8,26,6,6,9
Chuo,Pola Museum Annex,ChIJM7rZi-OLGGARkL-rCS_OHyw,2,5,2,1,6,1,11,2,7,3
Chuo,Sakuragawa Park,ChIJxdRDb16JGGARPwIuXnWRGRk,1,6,1,1,5,1,6,1,5,4
Chuo,Ginza Canon Gallery,ChIJQw9ey-aLGGAR-PGXL1t98x0,0,3,0,1,5,1,15,1,1,7
Chuo,Kashima Arts Co Ltd,ChIJpTdsYuKLGGARNsnAH3hUf2U,1,9,1,3,5,5,17,1,2,9
Chuo,Mitsukoshi Lion Sculpture,ChIJU2J8iOaLGGAReNtcR5-9osw,0,3,0,4,2,1,7,1,2,0
Chuo,Police Museum,ChIJV8wGu-OLGGAR1HVqNbP6r2c,1,5,0,6,5,4,27,3,3,16
Chuo,Tokyo Takarakuji Dreamkan,ChIJsW8HWuKLGGAR5fpJi6JDLWk,1,35,2,4,11,5,22,3,5,14
Chuo,Owl Cafe Ginza,ChIJQYZKGOaLGGAR1z0TR8uLzSs,3,12,2,7,14,15,37,6,7,15
Chuo,Teppozu Inari Shrine,ChIJm3Zzb2eJGGARHKbKJcBHB4w,1,3,0,3,3,1,7,1,2,6
Chuo,Tsukuda Park,ChIJAcDs82WJGGARRXmL_0ojH2g,1,15,1,4,21,9,40,5,8,15
Chuo,Old Cathedral of St Joseph,ChIJmQBfRGGJGGARmvUyNV6e1J8,0,11,0,1,11,4,18,2,1,19
Chuo,Shinkanabashi Childrens Park,ChIJqxmv2OGLGGAR9uwJm8IA2gs,1,7,1,3,4,8,9,2,2,3
Chuo,Kaedegawa Shintomibashi Park,ChIJq3CvMuCLGGARJdSwg-XkM-U,1,3,0,2,3,3,4,1,0,3
Chuo,Kyōbashi Park,ChIJn76wuOGLGGAR78WCEuv9vTQ,0,2,0,0,0,1,3,0,0,0
Chuo,Miyoshi Bridge Monument,ChIJKTxnOOCLGGARgnqqTvzz1nc,3,4,1,1,1,10,13,1,3,1
Chuo,Tsukijigawa Kameibashi Park,ChIJXXI0b-CLGGARwewp4OuBYdU,2,6,2,1,9,6,18,0,3,6
Chuo,Irifune Bridge,ChIJ9fxraGCJGGARHg6DOb_XktI,0,0,0,0,1,0,5,0,0,0
Chuo,Mizutanibashi Park,ChIJq5bv0eOLGGARrlEm2rzrx1U,2,7,2,0,10,6,21,1,7,15
Chuo,Kamei Bridge,ChIJLcCqZeCLGGARUKTAGlta6ZQ,0,2,0,1,0,0,1,0,2,0
Chuo,Kaedegawa Takarabashi Park,ChIJg3ARwFiJGGARegjGfE7ao54,3,3,5,3,1,8,5,4,0,2
Chuo,Kyobashi Stele,ChIJ4R26vOOLGGARhqBH00DH2O0,4,1,1,2,0,6,7,3,0,7
Chuo,Takara Jizoson,ChIJgwc9lFiJGGAREx6Dnh5Xli0,0,7,1,7,6,9,12,7,5,4
Chuo,Tsukijigawa Iwaibashi Park,ChIJ56U1heCLGGARv-0KIy572mA,0,1,1,0,1,3,3,1,1,1
Chuo,Edo Kabuki Birthplace,ChIJI2z0muOLGGAR_vvyJQi_qvE,3,6,1,4,5,3,14,3,2,4
Chuo,京橋大根河岸青物市場跡の碑,ChIJJQAnmeOLGGARLXVQCOYq6ks,0,11,0,3,6,2,16,2,1,6
Chuo,Central Museum Ginza,ChIJu2ZczOaLGGARqyh2nbbn8gk,0,5,0,0,5,0,10,0,2,4
Chuo,Origin of Ginza Monument,ChIJrR16BeSLGGAR31Ezs8CKOKQ,2,5,0,1,1,4,9,0,1,4
Chuo,Katakura Hall Façade Medallion,ChIJ08PpauOLGGARnhyyGJAI5XI,2,3,0,3,2,3,25,1,1,8
Chuo,Ryunosuke Akutagawa Birthplace Monument,ChIJtQTYm2GJGGARB5eEdrkF7vU,5,4,2,3,2,8,7,6,5,3
Chuo,Teppōsu Childrens Park,ChIJp8p4bGeJGGAR_JYU-_z0Trk,1,3,1,1,2,1,7,0,1,2
Chuo,Momijigawa Kyūanbashi Park,ChIJd5Lrk1iJGGARXM-ZHwpQbOQ,0,2,4,1,2,7,4,2,2,3
Chuo,Japans Top 100 Streets Ginza 3chome,ChIJq59OWdWLGGAR_xmE8GbhogI,1,1,0,1,1,0,2,0,1,1
Chuo,Kyuan Bridge,ChIJQc5k-FiJGGARytQF8BqddKs,1,1,1,1,1,1,3,1,0,0
Chuo,Chirori the Therapy Dog,ChIJ91aIHt6LGGARQJ7duvE22FA,4,5,4,4,2,5,15,3,1,2
Chuo,Tsukijigawa Park,ChIJe7vq7GGJGGARwqsdCgIvefw,2,7,2,0,9,5,10,0,5,7
Chuo,Kabuki Inari Shrine,ChIJVcCfs-CLGGARfSIMmkZGYoU,1,11,0,3,11,5,18,3,6,9
Chuo,American Legation Memorial Stones,ChIJ1zeHemGJGGARM6GVHscmGfA,1,5,1,0,12,4,18,3,4,9
Chuo,Teusler Memorial Hall,ChIJpXBPe2GJGGARaazVUCDpass,0,7,0,1,7,2,23,0,4,8
Chuo,Ginza Central Street,ChIJRQ2BJ-SLGGARBo5lWSuc-jM,0,6,0,0,6,0,7,1,6,3
Chuo,Kamejima Bridge,ChIJ79eM8NOJGGARZ_oqMW7mGqo,2,3,0,3,4,3,17,1,3,3
Chuo,Birthplace Monument of Rikkyo Gakuin,ChIJMRxEeWGJGGAR0GRB7j5hYf0,9,7,0,2,5,12,14,3,2,13
Chuo,Memorial Place Monument of Aoyama Gakuin,ChIJ474npWaJGGARoKfIoxcXdic,0,1,0,0,0,0,2,0,0,3
Chuo,Yasubei Horibe Taketsune Monument,ChIJHbjiE1yJGGAR89zSPg7C02k,5,4,0,7,4,8,16,3,5,8
Chuo,Akatsuki Park Adventure Square,ChIJw6TBhmGJGGARvGRPMPJ_tSA,0,3,0,3,3,5,7,1,0,2
Chuo,ART AQUARIUM MUSEUM,ChIJ6UVSHl2JGGARDurMrMPwvdk,1,16,2,4,20,7,43,8,15,17
Chuo,Namiki Dōri Street,ChIJie-XJjSLGGARkF7l_8BMlUM,0,2,0,0,2,0,4,0,1,2
Chuo,Memorial to the Pearl King Mikimoto,ChIJPWUPgeaLGGAR6M2YnWjhXkE,3,6,1,1,1,2,19,1,2,6
Chuo,Minamitaka Bridge,ChIJ1cpzo16JGGARiSDgHzOhMfo,0,1,0,0,1,5,5,0,0,2
Chuo,Hamarikyū Gardens,ChIJwfegutyLGGARGjiY-L2eSps,6,10,2,2,19,8,31,5,5,12
Chuo,Namiyoke Shrine,ChIJa4JUjdiLGGARfzINTSU_X0s,3,16,0,15,13,12,31,4,13,11
Chuo,Toyomi Fish Museum,ChIJFaigWtSLGGARdptHpiZqSPg,1,8,1,5,9,4,23,1,2,9
Chuo,Hatoba Park,ChIJx3P6-2KJGGARKkrq4_tlnd4,3,7,1,1,9,6,18,1,4,9
Chuo,Toyomi Sports Park,ChIJ00LkcdWLGGAR-da62MvKl2M,0,4,0,0,3,0,5,0,2,4
Chuo,Kachidoki Gochome Green Park,ChIJ4UMx-daLGGARujFMUN9N2wc,0,4,1,0,3,3,8,0,1,2
Chuo,Kaikobashi gate,ChIJhYIO79iLGGARn9k6sqJL0ZE,1,5,0,2,1,1,7,1,2,1
Chuo,勝鬨の渡し跡,ChIJUbMYjmKJGGARUByMne8RIMM,3,2,0,2,1,3,8,1,2,2
Chuo,Site of Former Warship Training Institute 軍艦操練所跡,ChIJx7w3n9iLGGARnns7Z1HDCCU,0,1,0,0,0,1,0,1,0,1
Chuo,Nishinaka Bridge,ChIJe5JIfnuJGGARrWyjwLWMeXo,2,6,1,1,12,4,25,1,1,5
Chuo,Ichibabashi Park,ChIJ_7_Sjd6LGGARbsL1p098360,1,5,2,2,4,4,7,0,3,5
Chuo,300 YearOld Pine,ChIJETsVn9yLGGARO6YBehyxOIQ,7,9,5,0,11,5,15,7,8,8
Chuo,Matsunoochaya,ChIJq6oG0dqLGGARbqmloLdHBfg,0,2,0,1,2,3,10,0,1,4
Chuo,Hobaitei,ChIJh23vSduLGGARP_2KeeyV4Gw,6,9,4,3,17,16,28,9,10,17
Chuo,Asashio Canal Waterfront Park,ChIJs1692niJGGARbdFnoUtNLWo,0,2,1,0,2,1,5,0,5,2
Chuo,Tsukiji River Sendaibashi Bridge Park,ChIJzyRXst2LGGARSThDMARiY04,3,4,1,5,2,5,4,1,3,4
Chuo,Chuo Kuritsu Akatsuki Park,ChIJV2cV0WOJGGARuydNncDj020,0,3,0,0,2,1,6,1,2,3
Chuo,Triton Bridge,ChIJ-ZQzEXmJGGARFFcuoepqGzc,2,1,2,3,1,3,6,2,1,0
Chuo,Reimei Bridge Park,ChIJByFr9HiJGGARVlD-8jmlxPo,4,8,0,5,8,7,11,3,2,4
Chuo,Uneme Bridge,ChIJfVrJnlKLGGARnOCUVziw2mQ,1,4,1,4,3,1,5,1,1,1
Chuo,Ruins of Hamarikyumae Railway Crossing,ChIJPdj7I92LGGARR9f4X1-fID0,16,12,0,14,3,21,10,15,3,3
Chuo,Tsukiji River Uneme Bridge Park,ChIJKZcP5d2LGGARdgYADLEjCgU,3,6,3,5,7,6,10,0,5,5
Chuo,Harumi Rinkai Park,ChIJ4W4dM52JGGARld0hfrQ9WIM,2,2,2,1,2,3,4,2,2,1
Chuo,Harumi No 3 Park,ChIJwabWDHiJGGARL4RE9TI-MIo,3,7,2,4,10,3,19,3,9,12
Chuo,Waterside Terrace,ChIJYwlk-ZyJGGAReqfam73wXVk,1,7,0,2,10,8,21,4,8,7
Chuo,Chuo Kuritsu Harumi Daiichi Park,ChIJDeDHe4GJGGARkMYrxC5Qspw,1,10,1,4,10,4,22,0,4,7
Chuo,Asashio Bridge,ChIJzVDJBXqJGGARyD-pAQ2wnDw,3,5,2,4,7,5,13,2,6,6
Chuo,Ishikawajima Museum,ChIJd6HdOG-JGGARg0Z9lieRosQ,1,6,1,2,2,7,22,3,3,8
Chuo,Bank of Japans Founding Place,ChIJFZHDTEKJGGAR5KkBn53DwhQ,2,4,1,1,5,4,16,3,1,5
Chuo,Tsukishima Monja Street,ChIJZ8PuP3CJGGARAXwWdc4PGQw,1,9,1,1,11,2,22,0,4,14
Chuo,Sumiyoshi Jinja,ChIJtbY4fG-JGGARBcvW4yUB2rM,1,1,1,1,3,2,10,1,1,3
Chuo,Chuo City Harbor Park,ChIJZ1N7WmaJGGARedOihu9IFDs,1,5,2,1,5,5,9,2,4,7
Chuo,Katsuozuka Bonito Mound,ChIJU0bQh2WJGGARwNDqKpZcris,0,3,0,1,2,2,5,0,2,3
Chuo,Tsukuda Machikado Museum,ChIJq-qVkGWJGGARrK_GNSIDk_Q,3,10,3,4,6,5,12,4,5,7
Chuo,Tsukudakobashi Bridge,ChIJXW6Shm-JGGARG2GT8dohPhs,1,3,0,2,0,1,2,0,0,3
Chuo,Echizenbori Childrens Park,ChIJWbeBKV2JGGARUrCWDmTv8KM,0,2,1,0,2,1,6,2,2,3
Chuo,Toyomi Bridge,ChIJTydvRkKJGGARjKbSv6IMqx8,1,5,0,1,3,1,7,1,4,2
Chuo,Tsukuda 3Chōme Park,ChIJ1VOka3GJGGARtUYTsozhGrM,0,4,0,2,4,4,11,0,4,5
Chuo,Memorials to the victims of the 1923 Great Kantō earthquake and World War II Tokyo Air Raids,ChIJoZnnd1yJGGAREjNp7RFbtF4,4,6,1,11,3,7,6,4,5,3
Chuo,Asashio Ohashi Bridge,ChIJU2iaSnGJGGARFh1rzpdIO8M,1,5,0,1,2,2,5,1,2,8
Chuo,Reigan Bridge,ChIJS7wHlfqJGGARDkxaAgaReYM,1,8,0,0,3,2,8,0,2,4
Chuo,The History Museum of JKoreans,ChIJ6QCZVaGLGGAR9QS6CROQGvA,1,2,2,2,3,4,13,4,1,5
Chuo,お肉の情報館,ChIJrR24gUSKGGARqfx1r-LJyag,15,17,20,23,14,26,44,18,9,20
Minato,Benkei Bridge,ChIJR0xmHHyMGGARAeMJayOwBhk,0,2,0,1,8,3,14,2,1,6
Minato,Ad Museum Tokyo,ChIJ2VtGysKLGGAR2oS8_Y_o-pk,0,4,0,1,4,1,23,0,0,8
Minato,Caretta Shiodome Sky View,ChIJrx_Ez8KLGGARPUaHxocRqHk,0,3,0,0,5,1,16,0,1,10
Minato,TAKESHIBA BBQ BEER GARDEN,ChIJY_7vC_WLGGARLuzytQ_z7Es,3,6,0,1,11,1,16,1,4,7
Minato,Moyai Statues,ChIJj9zko6mLGGARPQClKoJ3rRE,1,1,0,1,2,2,8,0,2,2
Minato,Aoyama Cemetery,ChIJIe1uymKLGGARGpOwOiZEDog,6,24,3,11,38,12,53,12,13,23
Minato,The National Art Center Tokyo,ChIJP-vO9nuLGGARGJ2q8uryJUA,1,9,0,2,6,6,21,2,5,10
Minato,Izumo Taisha Tokyo,ChIJQUsA2nmLGGARYAdeN1dwsWc,1,7,1,2,7,5,11,2,4,6
Minato,Akasaka Sacas,ChIJUyA7lICLGGARuHfsHqZ2U0Y,1,6,1,1,3,3,12,2,2,2
Minato,Nogijinja Shrine,ChIJwR2lZ36LGGAR43Z0b6e3Gw4,0,7,0,1,6,5,13,0,3,9
Minato,TOTO GALLERY  MA,ChIJOxerKXyLGGARKNvbpemyeys,1,9,1,2,7,3,27,4,6,8
Minato,Okura Museum of Art,ChIJC5-nF5CLGGAR9M3JUrPsBj8,7,17,4,4,15,15,32,13,8,13
Minato,Tomio Koyama Gallery,ChIJSzvUeD-JGGARLYi3ApW9NAo,1,7,0,1,7,1,19,3,6,7
Minato,Tokyo City View,ChIJK0TdDneLGGARVxJ3MHC0emY,14,42,10,16,33,23,83,9,16,30
Minato,Prince Chichibu Memorial Rugby Stadium,ChIJizNDvpuMGGAR9QdEmLoDOnQ,1,11,0,2,9,0,14,0,4,9
Minato,Toyokawa Inari Tokyo Annex,ChIJK-keEn6MGGARyZaLZnQVdgU,0,8,1,4,16,4,31,1,5,12
Minato,Chōkokuji,ChIJP8YkXGSLGGARF02Vs75NFEc,0,10,0,1,6,2,7,0,6,6
Minato,21_21 DESIGN SIGHT,ChIJV4H0Nn-LGGAR2g7_9Kourf4,0,7,1,0,7,4,28,2,5,2
Minato,Wine Shop Sommelier,ChIJaUEw5XeLGGARirrLUJr6v2c,1,6,0,1,5,1,8,0,3,5
Minato,Taro Okamoto Memorial Museum,ChIJJbavS2GLGGARFLUeTte2lt0,4,10,5,3,9,11,21,6,9,4
Minato,TEPIA Advanced Technology Gallery,ChIJL6t-1JuMGGARxviRyLV_l7M,2,7,0,1,7,2,15,0,3,10
Minato,Reinanzaka Church,ChIJhUq-rJqLGGARvfm2U3mDSi8,0,16,1,0,21,4,27,3,2,19
Minato,Daughters of St Paul,ChIJXcjhO36LGGARDWlbd4nsG7o,2,6,1,4,14,4,20,3,3,13
Minato,Kikuchi Kanjitsu Memorial Tomo Museum,ChIJ3RlOVJCLGGARB3R2XWU5FtE,1,12,2,1,19,7,35,10,9,8
Minato,Beni Museum,ChIJ1ZCFSWSLGGARpUEUiKoCxLo,2,5,1,2,5,12,25,2,4,12
Minato,Entsuji,ChIJ80H9BoCLGGAR6H1LryVGdWU,0,1,1,2,4,3,7,1,1,4
Minato,Honda Welcome Plaza Aoyama,ChIJ6ZZ5DoOMGGAR05jTAq9xqVQ,1,5,3,0,4,7,12,1,0,9
Minato,STRIPED HOUSE GALLERY,ChIJd6PjkJ2LGGAR1mUOYtcqmDI,0,5,0,0,1,0,5,0,1,2
Minato,Suntory Museum of Art,ChIJbSqxxHiLGGARKEK0IzZMksI,3,2,0,2,5,6,17,4,4,5
Minato,Tokyo Midtown Design Hub,ChIJVVVVwXiLGGARdfqsI40Y-u8,0,1,0,0,0,0,11,0,0,2
Minato,Mohri Garden,ChIJKwbstHeLGGARxzy-ttu57CM,1,12,1,1,16,5,31,2,6,13
Minato,Roppongi Hills,ChIJM9xJEHeLGGARAshMWUgC_ls,0,11,0,1,10,4,18,3,5,9
Minato,Myōzenji Temple,ChIJz3y1NneLGGARwPRxEIn8viE,0,6,0,3,4,2,16,2,1,3
Minato,Kōjintei  Bujian,ChIJmVBbD2SLGGARMMF2OfGPoto,0,2,1,1,5,4,8,0,2,3
Minato,イマームムハンマドイブンサウードイスラーム大学東京分校 アラブ イスラーム学院,ChIJ6VY-FnSLGGARN-I0bRXoA4Y,0,1,0,2,1,5,4,1,1,3
Minato,Takahashi Korekiyo Memorial Park,ChIJN-aSBYGMGGARV4hamU-HF9I,0,1,1,0,2,2,8,3,1,5
Minato,MinamiAoyama Sanchome green space,ChIJm6me2Z2MGGARJ561Thd-7WE,0,1,0,0,1,0,3,1,1,2
Minato,Shotaro Akiyama Photo Art Museum,ChIJ_7sGxGOLGGAR7PhH5QQ5nNw,1,1,2,1,2,4,6,3,0,3
Minato,Treasure Hall of Nogi Jinja,ChIJTR-RYH6LGGARnwqqNfwiddE,2,4,2,3,6,4,11,3,4,3
Minato,Midtown Garden,ChIJx0V7jrqLGGAR_VT5Fj3yNZ8,2,11,2,0,15,2,23,2,10,14
Minato,Nogi Park,ChIJk1Vhhn6LGGARl0MVL-KexZQ,0,2,0,1,3,3,19,5,1,2
Minato,Hinokicho Park,ChIJqcU4DIKLGGARBxWj4fGnB_k,1,4,1,0,6,3,11,3,3,4
Minato,Shutokuji,ChIJeUTg9H-LGGARhRkke_sJdt0,0,2,0,3,3,4,10,3,0,7
Minato,Hodoji,ChIJOV0HO4CLGGARIRBcJmeA19s,1,5,1,10,7,11,18,10,4,7
Minato,Dokyoji,ChIJ4QTp_n-LGGARYybasrO8CQI,2,5,2,2,1,3,3,3,2,2
Minato,Hitotsugi Park,ChIJKTY1SoCLGGAR1ODjP4rZwPE,1,4,1,1,3,5,3,2,3,3
Minato,Sanpun Zaka,ChIJR2WgSICLGGARDaal6un4-dg,3,6,1,2,4,6,18,3,2,9
Minato,Former Site of the House of Kaishu Katsu,ChIJ62EneYGLGGARy3pBngNNGqA,0,2,0,2,2,2,5,3,2,3
Minato,Aoba Park,ChIJoxynW4KMGGARTvUBjheB7Ts,0,5,0,0,8,2,11,2,4,5
Minato,Naoya Shiga former residence mark,ChIJZznb8YKLGGAR9btzF0JkQxQ,1,4,1,1,2,2,2,0,3,1
Minato,Motohikawa Zaka,ChIJay28x4OLGGARqfWZzc_uxus,0,3,1,2,3,2,11,0,0,3
Minato,Ichogaoka Third Infantry Regiment of the Imperial Guard,ChIJLyLKDICLGGAR-sngoOoTN7I,2,2,1,2,2,1,4,1,1,4
Minato,Roppongi West Park,ChIJpWTtOXiLGGARheMngAQjX5g,0,4,0,0,5,2,6,0,2,3
Minato,Ruins of Takanawa Ōkido Gate,ChIJCVfWNq2LGGARvuAHzNroBTc,6,4,1,2,4,8,15,1,2,9
Minato,Site of the seppuku ritualistic execution of Oishi Yoshitaka and the other 16 Akougishi Akou Roshi samurai,ChIJt8JMCKmLGGAROamwk0o7_-o,3,5,3,8,4,18,19,5,6,17
Minato,Sengakuji,ChIJh64KT6uLGGARKx4cxgOaL54,9,6,2,11,9,17,33,10,3,14
Minato,Koyasan Tokyo Betsuin,ChIJ4Y-GGVWKGGARAHFc8A6VDf0,1,3,2,2,4,3,18,2,2,7
Minato,MitaHachimanjinja Shrine,ChIJX_Qh8q2LGGARghTq3Di6f8g,3,18,1,7,18,5,31,3,13,16
Minato,Hatakeyama Memorial Museum of Fine Art,ChIJZQpgdf6KGGARXCH1FGs07t0,2,5,1,2,11,6,18,5,5,6
Minato,Gyoranji,ChIJHZxnrK6LGGAR0d63CW4NM5M,5,20,2,4,11,5,29,2,8,27
Minato,Hoanji Temple,ChIJCWZucKuLGGARTJ16cpGhJ3k,0,8,1,0,10,6,20,2,3,15
Minato,Takamatsu Kusunoki Park,ChIJKXMIRamLGGARDlEnzmXhxqM,0,6,0,1,6,2,9,0,4,4
Minato,Mita Enzetsukan,ChIJ6fYVHbCLGGARO6V6Z6Cj-Pg,1,8,1,3,5,2,52,1,3,19
Minato,Museum of Logistics,ChIJ_wDxK1aKGGARvv10tNDypZs,0,5,0,0,4,1,8,0,2,8
Minato,Takanawa Mori No Park,ChIJeX5U41aKGGARpQJCQQWMQrE,1,5,2,0,6,4,7,2,2,4
Minato,Azabu Kokubisui Hot Spring Takenoyu,ChIJP8qx4KCLGGARrA6QxMdha0E,4,8,1,2,7,9,29,3,2,11
Minato,Shirokane Hikawajinja Shrine,ChIJWXpokgeLGGARRc7Blgtb41Y,1,5,1,2,5,3,13,1,2,5
Minato,Maxell Aqua Park Shinagawa,ChIJC1aZZFeKGGARGLX8IHTOn-c,7,25,5,3,35,14,60,9,20,42
Minato,Tōzenji Temple,ChIJlaWyUFSKGGARjGBTT9eQH-M,2,2,3,1,9,8,21,2,3,13
Minato,Yanaginoido Well,ChIJtxFmRqCLGGARP4T9Fd6pCUk,17,15,10,8,14,21,35,8,11,22
Minato,Shibaura Chuo Park,ChIJgYTYlk6KGGAR24EkOo5CfeU,0,8,0,2,10,5,13,1,3,13
Minato,Zuishōji,ChIJ11c1XwGLGGARw7yjtmaO3HA,0,8,0,1,8,4,17,2,4,10
Minato,Takanawa Shrine,ChIJl-1sm1OKGGARKF7IMwZLpYk,1,0,0,0,1,6,6,1,2,0
Minato,Daizōji Temple,ChIJO-TOZ66LGGARv-Oet9rkVi4,0,6,0,1,3,4,11,2,3,7
Minato,Ninganji Temple,ChIJRb_N2q6LGGARDxgxOv7lMBM,0,2,0,4,2,4,12,5,0,7
Minato,新芝運河沿緑地,ChIJp0Mi0UyKGGAR7f9b_0U3Xic,1,3,0,2,3,1,5,0,2,2
Minato,Trinity Shibaura Green Space,ChIJOXTkaEuKGGARCPXwDjBxdY8,1,2,0,0,6,1,10,0,1,5
Minato,歯科医学教育発祥之地,ChIJ2Q1AZ6yLGGAR4Fy7Df5J-Js,2,8,0,2,6,2,20,2,5,23
Minato,Mitadai Park,ChIJAcBBLqyLGGARuADg9RGme-E,4,6,2,5,7,8,13,5,5,11
Minato,泉岳寺 中門,ChIJ1T-1rKyLGGARxv05GXYzjik,0,1,1,1,2,2,11,0,0,16
Minato,Sengakuji Childrens Playground,ChIJoV9gUFOKGGARtdGqsuW_2GU,0,4,0,1,5,1,8,0,3,4
Minato,Bloody Plum Bloody Stone,ChIJrxh0TauLGGAR4mSTduX_58M,12,5,5,2,7,8,13,2,7,9
Minato,Takamatsu Childrens Playground,ChIJ5wpfSaqLGGAR6q8ks2I980Y,3,5,0,1,3,2,7,0,2,5
Minato,Head Washing Well,ChIJsYMRTauLGGARM4SwXVL4N4w,5,5,4,16,5,20,22,13,4,7
Minato,Grave of Oishi Kuranosuke,ChIJVz-cNauLGGARqP4z7F-0dyM,3,5,1,6,10,6,16,5,2,9
Minato,Genwa Christian Heritage,ChIJ34OL7a2LGGARoErdIT0622I,7,8,1,6,2,11,16,5,4,7
Minato,Genshōji Temple,ChIJXxK3dqqLGGAR3Vw9RQ5Lyy4,1,5,1,6,4,7,13,6,2,6
Minato,Shirokane Shidacho Childrens Park,ChIJVZ_lhqiLGGARYb6sZIBbc8o,0,8,2,0,7,7,14,0,4,4
Minato,Hebizaka,ChIJEdikpa-LGGAR1J7AchwjYN0,0,0,7,6,0,7,5,0,0,1
Minato,Hakutaka Childrens Playground,ChIJUeCOcaiLGGARyxxiFLKq7vI,0,7,1,0,7,5,11,0,4,4
Minato,柴田錬三郎旧居,ChIJjxIkclSKGGAR8Io6R8GmRkI,0,1,0,0,0,0,6,0,0,3
Minato,Meiji Gakuin Imbrie,ChIJY7X7bgCLGGARUVRCUO3oU5o,1,5,0,3,3,3,17,1,2,9
Minato,Sankouzaka,ChIJGyeOGqGLGGARGL5jUTXneT0,3,7,5,2,4,8,9,6,3,6
Minato,Shinfurukawa Bridge,ChIJjSVGvKeLGGARlNfb8wPMG08,0,2,0,6,2,1,13,1,0,9
Minato,Takahama Bridge,ChIJB0YTHUyKGGAR5DX-E25kdNo,1,5,1,4,3,3,9,1,1,6
Minato,Takanawa Park,ChIJG5biIlSKGGAR8WaSxLR3gBM,2,4,1,0,4,3,7,1,4,6
Minato,日吉坂,ChIJU4S1KAeLGGARrHUp84nOk9Q,0,3,0,0,0,1,1,1,1,1
Minato,Zekkozaka Slope,ChIJWT5qa6eLGGAR47h8mt7M-7c,0,4,1,1,0,4,17,0,0,10
Minato,旧竹田宮邸洋館,ChIJBeLUl1aKGGARHfcT-DlHVC4,0,6,0,2,7,2,22,0,4,15
Minato,Shirokane Park,ChIJA30KCQmLGGARkIlnntrSxOA,2,2,1,1,3,4,4,1,3,2
Minato,Phantom of the gate old Keio University main gate,ChIJ313Ab7CLGGARy7f3Z7AAUgQ,1,1,0,1,1,1,9,1,1,6
Minato,Minamiazabu Shinbori Childrens Playground,ChIJF_EuXAqLGGARwnMrIR9Sgws,4,3,0,2,3,8,8,1,1,4
Minato,Site of Mizuno Kenmotsus Residence,ChIJ4dFsMLGLGGAR555X2dEqv7c,17,14,7,17,12,24,45,9,13,24
Minato,Nagisabashi,ChIJWa4gq2-LGGAR-nOw2_MDMC4,0,3,0,1,1,0,7,1,2,4
Minato,瑞聖寺 大雄宝殿,ChIJcVS8_LKLGGARn6hNZbotZ4w,0,2,1,1,5,2,19,2,3,16
Minato,Fuji Television Network Inc,ChIJQQ6UsPeJGGAR3LFE4U43_NQ,1,14,0,1,11,8,50,1,7,14
Minato,Tokyo Joypolis,ChIJuTdPXvaJGGARJhT_Ai6urFQ,2,20,1,4,9,9,27,3,9,10
Minato,Rainbow Bridge,ChIJbWVFlTCKGGARr5l6ox-7_CA,0,12,0,0,18,3,38,0,11,15
Minato,Daiba Park,ChIJ9aeqHiCKGGARFh-fljrxUT0,10,12,0,7,15,12,30,4,5,15
Minato,Amphibious Bus by Tokyo Ducktour Splash Point,ChIJCwgzFByKGGARzfk2Ebjwel4,2,21,1,9,7,10,29,6,11,17
Minato,Odaiba Marine Park,ChIJ18IK6x2KGGARKTc2yLS-030,0,21,0,3,20,2,25,2,9,16
Minato,Fuji Television Headquarters HACHITAMA Spherical Observation Room,ChIJb2CosfeJGGAR_TIVIcsMyK4,0,7,0,2,7,5,19,2,3,11
Minato,Odaiba Rainbow Park,ChIJx5hUh_OJGGART6Fognv9_Mk,0,12,0,0,9,0,15,1,5,6
Minato,Teleport Bridge,ChIJic5uxPCJGGARHFHBqjf1nXo,0,0,0,1,2,1,4,1,0,3
Minato,Kōnan Ryokusui Park,ChIJ-8hsv0CKGGARdmQp1_mXgw0,0,13,1,0,13,0,20,2,10,12
Minato,Historic Site Memorial Monument,ChIJJ3z2aH-LGGAREznI8I2GOsw,1,6,0,0,6,4,15,2,1,4
Minato,Site of Explosives Storage,ChIJhy8XBlaLGGAR_O8PEA4d-Xk,7,12,0,8,1,11,25,1,2,4
Minato,Anchor and Chain Art,ChIJwbGgFWeLGGARHvAD-dPu3ao,0,2,0,0,3,1,6,1,3,1
Minato,Rainbow Bridge Promenade,ChIJWTDPE46JGGAR6A1n9w_xfxM,6,12,2,10,9,13,23,5,6,8
Minato,Statue of Liberty,ChIJp_dRJOOLGGARo5GGDjBnfrw,1,14,2,1,13,5,26,2,8,12
Minato,Love Sign Odaiba,ChIJFeU3GJGLGGAR2yzNv6jUsfM,0,2,0,0,2,0,5,0,0,1
Minato,Aqua City Odaiba Shrine,ChIJxWsRPPaJGGARLOOHJSxNf_k,3,9,0,0,5,3,9,1,2,8
Minato,Rainbow Promenade,ChIJafp9aA-JGGARIZ4yrRBA9_Y,0,2,0,0,3,0,5,1,2,1
Minato,Memorial Monument of Nirayama Town Shizuoka Prefecture,ChIJtVDiBGqJGGARaQdosKf-caM,1,0,0,0,0,1,3,0,1,0
Minato,Shinagawa Kita Port Park,ChIJDd782D6KGGARU87YemLM-IE,2,4,3,2,6,5,12,0,0,4
Minato,FCG Bldg,ChIJw3qKQduJGGARWr0DnXUAjV8,2,4,0,1,3,5,8,0,2,0
Minato,お台場冒険王,ChIJPYMDbgCNGGARuZB59vzOiN0,5,20,2,5,13,8,24,3,5,9
Minato,Konano Bridge,ChIJ4xSTRtqLGGARxvUO49Gvf-s,2,3,1,3,5,2,9,3,1,6
Minato,Kawasaki Robostage,ChIJy7jAHPeJGGARj9nEku7az9s,0,8,0,1,7,1,14,0,4,6
Minato,Bay Breeze Garden,ChIJ32AffUeKGGARD6Ni9J2YWl0,0,2,0,0,3,1,5,0,1,1
Minato,第一芝浦丸,ChIJVVWY3EeKGGARWGfOTmJ-v2E,2,7,1,5,1,7,16,6,2,7
Minato,Futo Park,ChIJcXl4TjSKGGAR-HrkGf4fKZM,2,6,1,1,5,4,9,0,1,4
Minato,Konan Third Street playground,ChIJoW3U1UeKGGARMisujDoeeIc,3,9,2,2,12,3,14,2,6,6
Minato,Shiosai Bridge,ChIJlWFm7TWKGGARpsUXLha-Yzk,0,1,0,0,0,1,0,0,0,0
Minato,Platanus Park,ChIJB34WEEqKGGARpaq95ARZA70,0,6,0,0,5,5,10,0,3,6
Minato,Shiba Maruyama Tumulus,ChIJ55pIRbmLGGAReFx7rf2nL8c,7,16,2,9,9,15,30,10,7,15
Minato,Tokyo Tower,ChIJCewJkL2LGGAR3Qmk0vCTGkg,1,18,0,0,13,7,36,3,9,13
Minato,Zōjōji,ChIJC2xnkb6LGGARJL0d222opIg,2,9,1,4,10,10,25,5,7,16
Minato,NHK Museum of Broadcasting,ChIJCcGIPpSLGGARzZ4ZW6hu6NE,1,11,0,2,10,1,17,1,4,11
Minato,Karasumori Shrine,ChIJmyHLzuuLGGAR_dp7Ams-EI4,2,5,2,6,9,7,21,4,3,8
Minato,Panasonic Shiodome Museum of Art,ChIJ6Sypp8KLGGAR4lmmX-zFFmo,4,5,6,8,4,15,11,4,1,8
Minato,The Old Shimbashi Station Railway History Exhibition Hall,ChIJ3YkTH-iLGGARFeFdXRMTGCA,5,6,0,0,1,9,11,0,0,3
Minato,Asaoka Meshitaki Well,ChIJk4lQPr-LGGARtZdLy9hIY_4,2,2,2,4,2,7,10,3,0,6
Minato,松蓮社,ChIJ___Tk5WLGGARD_ae8siBlt4,0,1,0,0,0,1,4,2,0,1
Minato,Italia Street,ChIJ5YHK2MOLGGARfS_kBq3T3Kc,3,8,3,5,7,6,13,2,2,8
Minato,Success Steps,ChIJ2cn3ZZSLGGARtAH08ZmRyIo,3,17,2,2,13,6,31,0,3,13
Minato,Japan longitude and latitude origin,ChIJPxLuDpiLGGARrpOPDjdOGtw,0,7,0,5,2,4,15,1,2,10
Minato,Shigeru Yokota Gallery,ChIJlaDjR86LGGARQItrXhG4188,0,2,0,0,2,0,2,1,3,1
Minato,Sakurada Park,ChIJU2yfPOqLGGAR5kyogpBYaUY,1,5,1,0,4,7,10,0,4,5
Minato,SL Square Shimbashi Station West Entrance Square,ChIJ--QO2OuLGGARArLS5ggknfU,0,5,0,2,3,3,6,1,3,5
Minato,Japan Sake and Shōchū Information Center,ChIJ_____-yLGGAR8bvuJnTEoFs,0,5,0,0,4,3,12,0,2,6
Minato,Shinkōin,ChIJG_Jxdr2LGGARo4c9XYwS20U,3,5,2,4,10,8,41,4,6,20
Minato,Nishikubo Hachiman Shrine,ChIJgwRJZJeLGGARGS9TGva9Ec4,0,6,0,0,5,2,13,3,2,7
Minato,Gate J,ChIJCSxVROqLGGARvoCrJ01g4jc,0,11,0,3,8,1,28,0,4,17
Minato,Takeshiba Ship Terminal,ChIJKSgs1NGLGGAR-VKyI3yWIxE,0,3,0,0,3,4,5,1,4,3
Minato,Shiba Toshogu,ChIJYeawQLmLGGAR2BdgTIsnMW0,2,6,2,2,6,3,15,0,3,8
Minato,Seishōji Temple,ChIJfy9hNJSLGGAR41_DfA3WUB0,0,7,0,3,6,1,10,1,2,7
Minato,Hinode Pier,ChIJFU3ezs2LGGARbErm6rqTfHw,0,10,0,0,6,3,15,1,5,3
Minato,Toranomon Kotohiragu,ChIJdc_l942LGGAR_f4Ot6q7ISo,1,12,1,3,12,2,21,0,9,10
Minato,Shiba Park Memorial,ChIJoQccixWLGGARGhqN-dSIxVY,1,2,0,0,0,2,5,0,0,0
Minato,Statue of Admiral Perry,ChIJnRUazbiLGGARe6zV9fDyv74,1,5,0,0,3,3,13,1,2,5
Minato,Former Daitokuin Reibyo Somon Gate,ChIJs8x7KbmLGGARa5QzTOovN48,0,1,0,2,3,3,9,1,1,3
Minato,Administration Office,ChIJJ2hO_L6LGGAR6bUkSjqgU3w,0,1,0,0,0,0,7,1,0,3
Minato,Zōjōji Treasures Gallery,ChIJMzFnjb6LGGARxIoAHgyGjLo,2,14,1,3,9,4,25,1,4,9
Minato,貯金塚,ChIJMzBHTMeLGGARzHLxEE_xWK0,7,10,2,6,10,16,43,5,7,30
Minato,A stone of the stonewall of Odaiba,ChIJ47IVsb-LGGARyPSyPIsJ74c,11,3,0,3,1,13,3,0,0,1
Minato,Sailor Moon Manhole Cover Blue,ChIJr8i8NACLGGARC3ToFK8zbSk,0,0,0,0,0,0,5,0,0,0
Minato,Monument for Ino Tadatakas national surveying,ChIJzbo6ULmLGGARquBQ7IuT4-Y,1,7,1,2,7,5,16,3,3,9
Minato,Shiba Park,ChIJaYt93b6LGGARRTt3Y7YkqVg,3,14,2,3,15,4,28,3,10,16
Minato,Shiba Park 4th Block,ChIJo_JFxL-LGGARdeXGPqUzSjY,1,6,2,0,8,2,13,1,2,3
Minato,赤十字情報プラザ,ChIJhxwHjMCLGGARSLhVkJ9aQoc,13,10,5,13,5,20,18,14,4,8
Minato,Haikuinscribed Monument of Ono Hanboku,ChIJ55o7WrmLGGAROL9f4UTqGqw,1,3,0,0,3,4,12,0,3,7
Minato,Snake Mound,ChIJQRMvwr2LGGARC3GHLt8p1wY,3,19,10,11,18,18,36,4,15,15
Minato,Momiji valley,ChIJwaj1yL2LGGARnm1x4JwnHe8,4,5,3,1,8,3,22,3,10,13
Minato,Momiji Waterfall,ChIJKbFrx72LGGAR1uyToVEdITo,1,5,1,1,3,7,12,5,4,4
Minato,東京タワーを見上げる階段東京タワー地下駐車場出入口,ChIJ4_ZvIgCLGGARLUI8wFAnNA0,0,10,0,1,2,7,6,1,1,2
Minato,東京鐵塔售票口,ChIJS3ioM3SLGGARUG1WA0cOKS4,0,1,0,0,2,1,2,0,2,3
Minato,Konchiin,ChIJU3Y19b2LGGARyjBjYYHekpI,1,1,2,2,1,4,6,4,1,2
Minato,Shinagawa Central Garden,ChIJDUOuOVuKGGARvW6a5im7bOs,1,4,1,0,2,1,7,0,2,3
Minato,Museum of Marine Science Tokyo University of Marine Science and Technology,ChIJ9aawRUGKGGARtp40czt54S4,1,7,1,0,4,2,18,1,3,4
Minato,Konan waraku Park,ChIJKwzTjUaKGGARco_pKpf1hI4,1,4,2,1,6,4,7,1,5,6
Minato,Konan Star Park,ChIJ64NerVqKGGAR2hooN4EjDLM,0,2,0,0,1,0,8,0,0,1
Minato,Field B,ChIJASvm9kOKGGARomVcsXrIntQ,0,3,0,0,6,0,13,0,2,3
Minato,Tide Park,ChIJl_pr2FqKGGARoT3W-Azkt-s,0,6,0,0,5,2,9,0,3,3
Minato,Shinagawa Station Founding Monument,ChIJNYsCG4SLGGARH-pjSP2No-c,6,16,3,6,7,9,29,10,1,8
Minato,Forest Park,ChIJ5XzRoFyKGGARxbNl5LaIAbM,0,9,1,1,10,4,19,2,1,9
Minato,Kōnan Park,ChIJtWIqLkKKGGARZdQJI-JfzFU,1,3,1,2,3,2,7,3,2,3
Minato,いちょう坂,ChIJIwU2Nm6LGGAR8MVjPIlhFSU,3,8,3,3,8,6,15,4,7,8
